{"staticPressureRes": "몸의 무게중심이 왼쪽으로 치우쳐져 있는 경향이 보입니다. 또한 현재 양쪽 발에 실리는 힘의 차이가 많은 것으로 보아 척추측만증을 의심해볼 수 있습니다.", "pressureGraphLeft": [[0, 30, 60, 90, 120, 140.0], [0, 94.02166666666666, 102.14166666666667, 102.96333333333334, 98.93833333333333, 103.64833333333333, 107.105]], "pressureGraphRight": [[0, 30, 60, 90, 120, 140.0], [0, 102.58333333333333, 99.38333333333334, 102.37666666666667, 95.555, 96.84333333333333, 100.615]], "step": 1300, "percent": 49, "gaitComment": "평균적으로 일자걸음에 가까운 걸음걸이 습관을 가지고 있습니다. \n해당 걸음걸이를 계속 유지하시는 경우 무릎 안쪽에 체중이 부하되어 내측 관절에 염증이 생기거나 변형이 유발될 수 있습니다.", "diseaseNum": 4}